/*
Navicat MySQL Data Transfer

Source Server         : 127.0.0.1
Source Server Version : 50617
Source Host           : localhost:3306
Source Database       : ncu

Target Server Type    : MYSQL
Target Server Version : 50617
File Encoding         : 65001

Date: 2015-08-17 11:10:37
*/

SET FOREIGN_KEY_CHECKS=0;

-- ----------------------------
-- Table structure for njx_ads
-- ----------------------------
DROP TABLE IF EXISTS `njx_ads`;
CREATE TABLE `njx_ads` (
  `aid` varchar(255) NOT NULL,
  `content` varchar(255) NOT NULL,
  `image` varchar(255) NOT NULL,
  `url` varchar(255) NOT NULL,
  `display` tinyint(1) NOT NULL DEFAULT '1',
  PRIMARY KEY (`aid`)
) ENGINE=InnoDB DEFAULT CHARSET=latin1;

-- ----------------------------
-- Records of njx_ads
-- ----------------------------
INSERT INTO `njx_ads` VALUES ('07F3DED3-3C7F-75A4-F17B-7E3A9AFD08C9', 'ivydom', 'http://localhost:9527/_mirror../Commons/uploads/1439694804_162.jpg', 'http://ivydom.com', '1');

-- ----------------------------
-- Table structure for njx_cata
-- ----------------------------
DROP TABLE IF EXISTS `njx_cata`;
CREATE TABLE `njx_cata` (
  `caid` varchar(255) NOT NULL,
  `name` varchar(255) NOT NULL,
  `parent` varchar(255) NOT NULL,
  `child` varchar(255) NOT NULL,
  `visible` tinyint(1) NOT NULL,
  `fvisible` tinyint(1) NOT NULL DEFAULT '1',
  PRIMARY KEY (`caid`)
) ENGINE=InnoDB DEFAULT CHARSET=latin1;

-- ----------------------------
-- Records of njx_cata
-- ----------------------------
INSERT INTO `njx_cata` VALUES ('0352BF39-A87D-D1E9-FA96-A6BF12E41860', 'æ±Ÿè‹', 'ABA34C47-4056-E67A-2E32-BEC9A6280E40', '0', '1', '1');
INSERT INTO `njx_cata` VALUES ('046E48E3-4B50-28C6-E0DB-7AEA237DF215', 'ç”µå­å•†åŠ¡', '0482140E-1CBF-D04C-F009-A19DD5C1D1F1', '0', '1', '1');
INSERT INTO `njx_cata` VALUES ('0482140E-1CBF-D04C-F009-A19DD5C1D1F1', 'èžèµ„ä¸­', '0', '0', '1', '1');
INSERT INTO `njx_cata` VALUES ('1390AA6B-8156-37E1-165A-EE7E2AB6D910', 'èžèµ„é˜¶æ®µ', '9', 'second', '1', '1');
INSERT INTO `njx_cata` VALUES ('2807CCA7-2BCB-85F2-5394-E3C11A3784EB', 'ç¤¾äº¤ç½‘ç»œ', '0482140E-1CBF-D04C-F009-A19DD5C1D1F1', '0', '1', '1');
INSERT INTO `njx_cata` VALUES ('31E7C547-9E33-FA1F-0547-4EA22946405A', 'ä¸Šæµ·', 'ABA34C47-4056-E67A-2E32-BEC9A6280E40', '0', '1', '1');
INSERT INTO `njx_cata` VALUES ('338BB75F-B8E8-C8E0-6865-47A5A7960A19', 'äº’è”ç½‘', 'FD681F88-39CB-A1F4-3D35-3D8773A90DA9', '0', '1', '1');
INSERT INTO `njx_cata` VALUES ('36B24DD0-F7B9-16F2-E96A-2E639B774B3A', 'å“ˆå“ˆå“ˆå“ˆå“ˆå“ˆ', 'F49426D2-3362-B3B4-5CF8-A41AF2ACA30A', '0', '1', '1');
INSERT INTO `njx_cata` VALUES ('5E27BDFD-EA59-529E-B7C1-A53FC02C1BD1', 'ç‰©è”ç½‘', 'FD681F88-39CB-A1F4-3D35-3D8773A90DA9', '0', '1', '1');
INSERT INTO `njx_cata` VALUES ('6137F30F-D096-D0FE-36D2-2B722B3D60A6', 'èžèµ„å®Œæˆ', '0', '0', '1', '1');
INSERT INTO `njx_cata` VALUES ('89B1E274-04EC-916F-D831-348009763D18', 'å¤©ä½¿è½®', '6137F30F-D096-D0FE-36D2-2B722B3D60A6', '0', '1', '1');
INSERT INTO `njx_cata` VALUES ('A081186E-6CF1-20B4-4EE1-C6897913201C', 'å¤©ä½¿Aè½®', '1390AA6B-8156-37E1-165A-EE7E2AB6D910', '0', '1', '1');
INSERT INTO `njx_cata` VALUES ('ABA34C47-4056-E67A-2E32-BEC9A6280E40', 'æ‰€åœ¨åœ°', '9', 'second', '1', '1');
INSERT INTO `njx_cata` VALUES ('B4B1D71F-4752-2D45-AD3D-69CB9680DB16', 'ç¤¾äº¤ç½‘ç»œ', 'FD681F88-39CB-A1F4-3D35-3D8773A90DA9', '0', '1', '1');
INSERT INTO `njx_cata` VALUES ('B7FB37F6-8934-58C2-F7AD-AB36BE4386A7', 'åŒ—äº¬', 'ABA34C47-4056-E67A-2E32-BEC9A6280E40', '0', '1', '1');
INSERT INTO `njx_cata` VALUES ('C9C74D19-F9A2-B49F-4376-0E352585857E', 'å¹¿å‘Šè¥é”€', '0482140E-1CBF-D04C-F009-A19DD5C1D1F1', '0', '1', '1');
INSERT INTO `njx_cata` VALUES ('CF34BD22-5300-8A7B-0C1A-50D3085086B7', 'æµ™æ±Ÿ', 'ABA34C47-4056-E67A-2E32-BEC9A6280E40', '0', '1', '1');
INSERT INTO `njx_cata` VALUES ('D8E8F84A-F396-B25C-81EF-7FF653D5179E', 'æ¸¸æˆåŠ¨æ¼«', '0482140E-1CBF-D04C-F009-A19DD5C1D1F1', '0', '1', '1');
INSERT INTO `njx_cata` VALUES ('F49426D2-3362-B3B4-5CF8-A41AF2ACA30A', 'å³å°†å®Œæˆ', '0', '0', '1', '1');
INSERT INTO `njx_cata` VALUES ('FD1B764D-0186-269E-907E-63D42C11C9DC', 'æ™ºèƒ½ç¡¬ä»¶', '0482140E-1CBF-D04C-F009-A19DD5C1D1F1', '0', '1', '1');
INSERT INTO `njx_cata` VALUES ('FD681F88-39CB-A1F4-3D35-3D8773A90DA9', 'è¡Œä¸š', '9', 'second', '1', '1');

-- ----------------------------
-- Table structure for njx_comments
-- ----------------------------
DROP TABLE IF EXISTS `njx_comments`;
CREATE TABLE `njx_comments` (
  `rid` varchar(255) NOT NULL,
  `itemId` varchar(255) NOT NULL,
  `content` text NOT NULL,
  `createTime` timestamp NOT NULL ON UPDATE CURRENT_TIMESTAMP,
  PRIMARY KEY (`rid`)
) ENGINE=InnoDB DEFAULT CHARSET=latin1;

-- ----------------------------
-- Records of njx_comments
-- ----------------------------
INSERT INTO `njx_comments` VALUES ('03D40464-F010-ECFD-C6CE-FD2F6F7E7951', 'A475BEBC-A587-DB9B-9855-2ED6031E5C44', 'ç®¡ç†å‘˜æµ‹è¯•', '2015-08-17 10:27:11');
INSERT INTO `njx_comments` VALUES ('057B6973-AE65-ACC5-2026-750BDC15D7F9', '1', 'ddddddddd111111dddd', '2015-08-13 13:45:45');
INSERT INTO `njx_comments` VALUES ('2EB0A112-4554-3E68-539D-CB7C444981AB', 'A475BEBC-A587-DB9B-9855-2ED6031E5C44', 'è·¯è¿‡å›´è§‚', '2015-08-16 14:25:18');
INSERT INTO `njx_comments` VALUES ('5CFC2BC2-6059-4AA3-B93A-00DCBB55C835', 'A475BEBC-A587-DB9B-9855-2ED6031E5C44', 'è·¯è¿‡å›´è§‚', '2015-08-16 14:25:33');
INSERT INTO `njx_comments` VALUES ('7D159649-E8BD-B335-76B0-A9056B935925', 'C19B2EF0-2899-C256-CAD9-114BBCBFAB09', 'è¯»å¾—æ‡‚', '2015-08-16 00:06:27');
INSERT INTO `njx_comments` VALUES ('DC19485C-F7AA-15CC-5D0E-740861BAF83D', 'A475BEBC-A587-DB9B-9855-2ED6031E5C44', 'è·¯è¿‡å›´è§‚', '2015-08-16 14:24:59');
INSERT INTO `njx_comments` VALUES ('E19B6796-247C-E979-2612-64C72070E819', 'C19B2EF0-2899-C256-CAD9-114BBCBFAB09', 'è·¯è¿‡çœ‹çœ‹', '2015-08-16 00:09:10');
INSERT INTO `njx_comments` VALUES ('EB02204E-CDB7-DEC2-A017-EA0B93991D6E', 'C19B2EF0-2899-C256-CAD9-114BBCBFAB09', 'è·¯è¿‡çœ‹çœ‹', '2015-08-16 00:09:34');

-- ----------------------------
-- Table structure for njx_fields
-- ----------------------------
DROP TABLE IF EXISTS `njx_fields`;
CREATE TABLE `njx_fields` (
  `oid` varchar(255) NOT NULL,
  `foid` varchar(255) NOT NULL COMMENT 'njx_field_options->foid',
  `value` varchar(255) NOT NULL,
  `itemId` varchar(255) NOT NULL,
  `display` tinyint(1) NOT NULL DEFAULT '1',
  PRIMARY KEY (`oid`)
) ENGINE=InnoDB DEFAULT CHARSET=latin1;

-- ----------------------------
-- Records of njx_fields
-- ----------------------------
INSERT INTO `njx_fields` VALUES ('01335D42-F051-807E-FED8-3E11B18EB518', '6', '1', '978CD3AA-C72C-D78F-AE4F-391D6E861BBF', '1');
INSERT INTO `njx_fields` VALUES ('0134D5FF-A202-7968-4C43-E0101F6DBA36', '2', '1111', '7E3E569F-D74C-5B75-A559-4AF2800C988D', '1');
INSERT INTO `njx_fields` VALUES ('01A784FB-FAD2-BAED-F649-249BF501E8FA', '4', '111', '6563FFFD-8EE9-278B-70F6-AEE5BEA4B2E4', '1');
INSERT INTO `njx_fields` VALUES ('021BC31E-2F2A-4AE1-11A4-EE1E28424F98', '3', 'å€¼1', '7CB81265-8E5D-2B91-F177-C21A1A04F208', '1');
INSERT INTO `njx_fields` VALUES ('0243D131-45FA-71B8-EB4D-022441FBB461', '6', '11', '54ED4075-1600-B079-7D1B-73FB4257FDAE', '1');
INSERT INTO `njx_fields` VALUES ('031094B9-2CDB-E250-6106-29B17715FAED', '6', '1', 'A3147388-D663-29F6-D47F-619A64852E94', '1');
INSERT INTO `njx_fields` VALUES ('0448B4D0-E678-1FF9-A8C6-01C4CBAA5AEC', '6', '111', 'CD8CC634-5230-8359-0F5B-5D074A89EC52', '1');
INSERT INTO `njx_fields` VALUES ('07DA7FB6-0FEF-89BC-BF62-15BCDD41A967', '2', '1111', 'FFCFA34C-5DEC-E2F5-6E79-911D67C21491', '1');
INSERT INTO `njx_fields` VALUES ('10136A8B-4B92-7C76-B598-DD6E705D4A31', '4', '33333', 'C280A595-6AFA-830F-7A66-0B33729ABFA3', '1');
INSERT INTO `njx_fields` VALUES ('10BC63A8-8FEC-70B6-9FD2-F478784377F7', '1', 'ç¼–è¯‘åŽŸç†å­¦ä¹ ä¹¦å•.jpg', '10433854-0ACA-ACCC-F3BC-6A7820377D18', '1');
INSERT INTO `njx_fields` VALUES ('1391E6A7-7A96-7E3E-E59D-BBF593C04558', '1', '../Commons/uploads/1439778654_162.jpg', 'CE00DF83-ACCC-8317-653D-0A8B6A43367D', '1');
INSERT INTO `njx_fields` VALUES ('13ED6F40-98E0-F3A2-6FEA-0F00CE33F8F7', '1', '../Commons/uploads/1439723276_162.jpg', '900D68A3-76E5-5A84-F3FD-B82A24464DD7', '1');
INSERT INTO `njx_fields` VALUES ('153A16EE-9A9B-2A44-6A53-4F167E3119C5', '4', '111111', '74BDD756-534E-0E9D-D1C2-AB0A188026E7', '1');
INSERT INTO `njx_fields` VALUES ('15F45391-C4FA-00C5-C56E-F5139480CCCE', '6', 'http://ivydom.com', 'CE00DF83-ACCC-8317-653D-0A8B6A43367D', '1');
INSERT INTO `njx_fields` VALUES ('1640C520-2242-5D1E-9080-92FA143842F2', '3', 'å€¼1', '0964C20D-21C2-BCCA-BAAB-1E2DF61BC74A', '1');
INSERT INTO `njx_fields` VALUES ('17746EDF-8C00-56C5-27D7-46D4BC90CA7A', '3', 'å€¼1', '400AE8A3-62A5-14A2-2279-5834ECB645EF', '1');
INSERT INTO `njx_fields` VALUES ('1974AF5A-3E2A-08C9-F763-2459BF314157', '5', '11', '1FD65B45-36BD-AD50-AD86-681383814A76', '1');
INSERT INTO `njx_fields` VALUES ('19B1CEC5-191F-370F-C70D-2F7763614847', '5', '11', '7D278F2D-EDDF-EADF-D932-E30721A9C442', '1');
INSERT INTO `njx_fields` VALUES ('19BA0158-C174-8C72-491C-58E7C876AA65', '5', 'è›¤è›¤', 'A475BEBC-A587-DB9B-9855-2ED6031E5C44', '1');
INSERT INTO `njx_fields` VALUES ('1ABD7BED-7A53-0F96-F893-AD33A62B49EE', '4', '111', '520788DB-C2D0-11D9-A4A3-4C2688F4C9AC', '1');
INSERT INTO `njx_fields` VALUES ('1DF455E7-C4A2-FC48-8FBD-2E1EE70068DA', '6', '1', 'FFCFA34C-5DEC-E2F5-6E79-911D67C21491', '1');
INSERT INTO `njx_fields` VALUES ('1E8208A1-E24F-5B2B-EE1A-AC774114FB74', '2', 'è›¤è›¤', 'A475BEBC-A587-DB9B-9855-2ED6031E5C44', '1');
INSERT INTO `njx_fields` VALUES ('1F491090-CB92-A22D-0E97-0B429A767F8C', '3', 'å€¼1', 'FFCFA34C-5DEC-E2F5-6E79-911D67C21491', '1');
INSERT INTO `njx_fields` VALUES ('212BE6B6-FAB2-D4D5-721F-18E578923D84', '6', '1', '74BDD756-534E-0E9D-D1C2-AB0A188026E7', '1');
INSERT INTO `njx_fields` VALUES ('2563E206-5DBC-FD6A-C60C-0BF40237E8B5', '3', 'å€¼1', '900D68A3-76E5-5A84-F3FD-B82A24464DD7', '1');
INSERT INTO `njx_fields` VALUES ('27338D95-2B63-7E83-CB36-5F1A466F0AAE', '4', 'è›¤è›¤è›¤è›¤è›¤è›¤è›¤è›¤', '400AE8A3-62A5-14A2-2279-5834ECB645EF', '1');
INSERT INTO `njx_fields` VALUES ('293BA75F-68C7-E437-7845-FD2FE61E6D6D', '3', 'å€¼1', '4010A5BF-B8B6-994C-F42E-0577180AE8FF', '1');
INSERT INTO `njx_fields` VALUES ('299CBC39-3D18-046C-D650-28C7F7513921', '1', '1.4 - VIMé”®ä½æŒ‡ä»¤å›¾.jpg', '4010A5BF-B8B6-994C-F42E-0577180AE8FF', '1');
INSERT INTO `njx_fields` VALUES ('2A5434FC-F1FC-31EC-B7C4-39A899BA8B67', '3', 'å€¼1', '74BDD756-534E-0E9D-D1C2-AB0A188026E7', '1');
INSERT INTO `njx_fields` VALUES ('2F74126C-7F58-759D-106D-FF7679A31DFF', '2', '1111', 'C19B2EF0-2899-C256-CAD9-114BBCBFAB09', '1');
INSERT INTO `njx_fields` VALUES ('3149A74C-83A0-113E-6592-756426199A8B', '4', '111111', '4010A5BF-B8B6-994C-F42E-0577180AE8FF', '1');
INSERT INTO `njx_fields` VALUES ('34B413A3-55C3-CEC0-2E42-439835CBA6A9', '2', '1111', 'DBE17409-7644-5A5C-53AC-B0F734FC16B5', '1');
INSERT INTO `njx_fields` VALUES ('35FE5B16-E535-4689-614A-E5CD0AA2D0E5', '4', '11111', 'CD8CC634-5230-8359-0F5B-5D074A89EC52', '1');
INSERT INTO `njx_fields` VALUES ('39BE8894-674E-6A36-955A-11C496C9D0D8', '4', '111111', 'F5C7F396-3C14-08E6-A589-B84544C10ACD', '1');
INSERT INTO `njx_fields` VALUES ('3A1AFAC1-8C19-DFC6-968D-5F8722F13880', '3', 'å€¼1', 'F5C7F396-3C14-08E6-A589-B84544C10ACD', '1');
INSERT INTO `njx_fields` VALUES ('3D23CB37-FF51-9691-2358-19D5E41BDE68', '6', '1', 'DD6CA993-9176-C996-FDD0-635B4552556E', '1');
INSERT INTO `njx_fields` VALUES ('3D4CAE73-FE00-0D9F-EB35-2292FB2232FA', '3', 'å€¼1', '54ED4075-1600-B079-7D1B-73FB4257FDAE', '1');
INSERT INTO `njx_fields` VALUES ('3DA2BDC6-0268-F753-414B-A371194C0D47', '1', '1.4 - VIMé”®ä½æŒ‡ä»¤å›¾.jpg', 'CD8CC634-5230-8359-0F5B-5D074A89EC52', '1');
INSERT INTO `njx_fields` VALUES ('3E73BA37-A897-DF2E-33C9-16554D53A57F', '4', 'é©¬å…‹', '731FA7F1-5710-2322-31BA-39F63E82C8DB', '1');
INSERT INTO `njx_fields` VALUES ('4127BD1E-1722-D29F-BFB8-2D7766E027AB', '5', 'è›¤è›¤', '400AE8A3-62A5-14A2-2279-5834ECB645EF', '1');
INSERT INTO `njx_fields` VALUES ('413FEFB7-16A1-09B6-F6AE-22621D1CFACB', '6', '1', '7E3E569F-D74C-5B75-A559-4AF2800C988D', '1');
INSERT INTO `njx_fields` VALUES ('41841E93-C74F-81A9-338E-6042DF8829C2', '2', '111111', '900D68A3-76E5-5A84-F3FD-B82A24464DD7', '1');
INSERT INTO `njx_fields` VALUES ('41B8E05D-F2F5-3C6B-2C5F-913C91F950D6', '2', 'fucku', '7CB81265-8E5D-2B91-F177-C21A1A04F208', '1');
INSERT INTO `njx_fields` VALUES ('42C25B9C-F845-7A38-5EB5-255325A42174', '1', '../Commons/uploads/1439722447_162.jpg', '0AF88B64-F5BA-D3A6-066C-7FE74FB49DF0', '1');
INSERT INTO `njx_fields` VALUES ('43071C7F-28F5-9CFE-66BA-EE224BC510B6', '6', '222222', '0964C20D-21C2-BCCA-BAAB-1E2DF61BC74A', '1');
INSERT INTO `njx_fields` VALUES ('46A5571C-EE2C-4A71-3C71-BB697D374DA6', '2', 'æ±Ÿæ³½æ°‘', '0AF88B64-F5BA-D3A6-066C-7FE74FB49DF0', '1');
INSERT INTO `njx_fields` VALUES ('4959E203-F876-DB38-8CDC-B8358E0623C5', '2', '1111', '7AA1CB9A-62EE-037F-61A4-4252CDECF6AD', '1');
INSERT INTO `njx_fields` VALUES ('4B2D5929-262D-71BA-2621-84E89E962046', '2', '11111111', 'F5C7F396-3C14-08E6-A589-B84544C10ACD', '1');
INSERT INTO `njx_fields` VALUES ('4F46627A-FA54-8449-DCA1-CD6E6B7E6CF9', '2', 'è›¤è›¤è›¤è›¤', '400AE8A3-62A5-14A2-2279-5834ECB645EF', '1');
INSERT INTO `njx_fields` VALUES ('4FF8994A-59AD-69C7-D69A-83F2755A8DF0', '2', '1111', '1FD65B45-36BD-AD50-AD86-681383814A76', '1');
INSERT INTO `njx_fields` VALUES ('538779B8-FBF4-0325-766D-ADAF4E1B3CD1', '1', '1.4 - VIMé”®ä½æŒ‡ä»¤å›¾.jpg', 'F5C7F396-3C14-08E6-A589-B84544C10ACD', '1');
INSERT INTO `njx_fields` VALUES ('557913BA-3CFD-01F4-2390-4ACE36E25CE3', '5', '11111111', '74BDD756-534E-0E9D-D1C2-AB0A188026E7', '1');
INSERT INTO `njx_fields` VALUES ('5AED3262-743F-F2F2-FF56-E8D96592DBE0', '1', '1.4 - VIMé”®ä½æŒ‡ä»¤å›¾.jpg', 'FB1920E3-6C77-1C3F-B949-009BEEA47820', '1');
INSERT INTO `njx_fields` VALUES ('5D7EE890-57BE-6D37-D514-65301CBC294B', '3', 'å€¼1', 'C19B2EF0-2899-C256-CAD9-114BBCBFAB09', '1');
INSERT INTO `njx_fields` VALUES ('5D979FBF-DAD8-B8A0-31F0-A931FE6FD216', '3', 'å€¼1', '10433854-0ACA-ACCC-F3BC-6A7820377D18', '1');
INSERT INTO `njx_fields` VALUES ('5DD30566-AA62-0A1D-FDA8-48C0F1762309', '4', '111', 'FFCFA34C-5DEC-E2F5-6E79-911D67C21491', '1');
INSERT INTO `njx_fields` VALUES ('608017B4-99C8-757B-3253-4AE2FBF38D4B', '2', '111', '54ED4075-1600-B079-7D1B-73FB4257FDAE', '1');
INSERT INTO `njx_fields` VALUES ('61121BDA-DCCC-8DCF-126B-859BB74C3764', '3', 'å€¼1', '731FA7F1-5710-2322-31BA-39F63E82C8DB', '1');
INSERT INTO `njx_fields` VALUES ('64B5DE99-8DCE-3F5F-5941-1D3E744B0B7B', '2', '3333', 'C280A595-6AFA-830F-7A66-0B33729ABFA3', '1');
INSERT INTO `njx_fields` VALUES ('6555DB00-296D-C7D5-9CEA-32B2606F37BB', '6', '1', 'DBE17409-7644-5A5C-53AC-B0F734FC16B5', '1');
INSERT INTO `njx_fields` VALUES ('6646CC9F-BF4F-FCAE-4599-4F9E512D52E5', '4', '111', 'C19B2EF0-2899-C256-CAD9-114BBCBFAB09', '1');
INSERT INTO `njx_fields` VALUES ('67A03382-DF0B-9FD7-D734-48FB7C7CBD68', '6', '1', 'F1BBD660-E4A1-DB45-D805-319B1E0CAE25', '1');
INSERT INTO `njx_fields` VALUES ('69F62EDE-C5D4-76B4-E71F-01725DC4D203', '4', '111', '9FE70C33-8736-21A3-E836-B2199C40292E', '1');
INSERT INTO `njx_fields` VALUES ('6B9474E6-9276-54AD-60EA-15B3C62D944F', '3', 'å€¼1', 'FB1920E3-6C77-1C3F-B949-009BEEA47820', '1');
INSERT INTO `njx_fields` VALUES ('6C5493AC-25B0-E9F5-C916-F0E30CE97A14', '2', '1111', '520788DB-C2D0-11D9-A4A3-4C2688F4C9AC', '1');
INSERT INTO `njx_fields` VALUES ('6D0377DA-ACF1-B369-11CC-1F5923DFAC27', '5', '5', '10433854-0ACA-ACCC-F3BC-6A7820377D18', '1');
INSERT INTO `njx_fields` VALUES ('6EE79FC6-B59D-148A-2F37-5236715B1C8C', '2', '1111111111111', '978CD3AA-C72C-D78F-AE4F-391D6E861BBF', '1');
INSERT INTO `njx_fields` VALUES ('6FE0045D-F073-C0E6-03B1-E806FCBD3BE4', '5', '11', 'A3147388-D663-29F6-D47F-619A64852E94', '1');
INSERT INTO `njx_fields` VALUES ('725F1F0F-2098-DDA3-5827-600C3C5D42BF', '6', 'é©¬å…‹', '731FA7F1-5710-2322-31BA-39F63E82C8DB', '1');
INSERT INTO `njx_fields` VALUES ('73B288C8-FB22-F69A-4604-2F9F6C301AEE', '1', '1.4 - VIMé”®ä½æŒ‡ä»¤å›¾.jpg', '74BDD756-534E-0E9D-D1C2-AB0A188026E7', '1');
INSERT INTO `njx_fields` VALUES ('744F6AD5-786E-A142-F076-40D691022A04', '2', '11111111', '74BDD756-534E-0E9D-D1C2-AB0A188026E7', '1');
INSERT INTO `njx_fields` VALUES ('75D25424-976A-2A59-F9F7-91F957BECEA4', '1', '1.4 - VIMé”®ä½æŒ‡ä»¤å›¾.jpg', '731FA7F1-5710-2322-31BA-39F63E82C8DB', '1');
INSERT INTO `njx_fields` VALUES ('76653378-3EE6-13E8-6C2D-5FEA178F4C0D', '4', '111', '7AA1CB9A-62EE-037F-61A4-4252CDECF6AD', '1');
INSERT INTO `njx_fields` VALUES ('778CCC7E-6E7A-B2A1-EB47-EF80A134EBAD', '2', '1111', '9FE70C33-8736-21A3-E836-B2199C40292E', '1');
INSERT INTO `njx_fields` VALUES ('78EAAE06-31A2-CB02-0AD7-2EF2103BF122', '7', '5', '10433854-0ACA-ACCC-F3BC-6A7820377D18', '1');
INSERT INTO `njx_fields` VALUES ('792C24E3-0032-0CB7-482B-B9726E27EC45', '5', '<p>				&nbsp; &nbsp;è›¤è›¤è›¤è›¤è›¤è›¤è›¤è›¤è›¤è›¤è›¤è›¤è›¤è›¤è›¤è›¤è›¤è›¤è›¤è›¤è›¤è›¤è›¤è›¤è›¤è›¤è›¤è›¤è›¤è›¤è›¤è›¤</p><p></p><p>\r\n				</p>', 'CE00DF83-ACCC-8317-653D-0A8B6A43367D', '1');
INSERT INTO `njx_fields` VALUES ('79E406F2-363B-2882-29CF-BF42C6EAD43D', '3', 'å€¼1', '7D278F2D-EDDF-EADF-D932-E30721A9C442', '1');
INSERT INTO `njx_fields` VALUES ('7BD5DECD-09D7-48C2-4954-93E1DF4DA7CA', '5', '11', '520788DB-C2D0-11D9-A4A3-4C2688F4C9AC', '1');
INSERT INTO `njx_fields` VALUES ('7F4B39A5-5C19-1BC6-19BD-D0FE7552E0F9', '3', 'å€¼1', '7E3E569F-D74C-5B75-A559-4AF2800C988D', '1');
INSERT INTO `njx_fields` VALUES ('7F940221-17A9-E995-2CAF-DCAC3B2454E3', '5', '11', 'F1BBD660-E4A1-DB45-D805-319B1E0CAE25', '1');
INSERT INTO `njx_fields` VALUES ('7FD4C6AB-F5C8-9BC6-E824-E107CCC9E731', '6', '5', '10433854-0ACA-ACCC-F3BC-6A7820377D18', '1');
INSERT INTO `njx_fields` VALUES ('814D2341-3DAC-F830-22AB-77ADCD9C84DD', '3', 'å€¼1', 'F1BBD660-E4A1-DB45-D805-319B1E0CAE25', '1');
INSERT INTO `njx_fields` VALUES ('81ADA066-5F6A-EDE6-29D7-5861CE787078', '2', '1111', '6563FFFD-8EE9-278B-70F6-AEE5BEA4B2E4', '1');
INSERT INTO `njx_fields` VALUES ('829C7C9F-16F5-79EB-4760-AE10B51964D5', '1', '1.4 - VIMé”®ä½æŒ‡ä»¤å›¾.jpg', 'C280A595-6AFA-830F-7A66-0B33729ABFA3', '1');
INSERT INTO `njx_fields` VALUES ('83F00970-2C54-8FDE-627D-814E0931029D', '6', 'http://ivydom.com', 'A475BEBC-A587-DB9B-9855-2ED6031E5C44', '1');
INSERT INTO `njx_fields` VALUES ('855EC98B-CC41-38CE-5DC1-1EEA4D1F51DD', '3', 'å€¼1', 'CD8CC634-5230-8359-0F5B-5D074A89EC52', '1');
INSERT INTO `njx_fields` VALUES ('85AA08EE-A90E-D4F3-5A04-230D0342EA05', '5', '11', 'DD6CA993-9176-C996-FDD0-635B4552556E', '1');
INSERT INTO `njx_fields` VALUES ('87318E75-8BA1-1223-0C09-69169300F62C', '3', 'å€¼1', '6871E4B1-7AA1-BA9F-E6B4-DEC1D1917918', '1');
INSERT INTO `njx_fields` VALUES ('89C50324-D06D-5D6C-C29D-0E21CF00D41F', '6', '1', 'F5C7F396-3C14-08E6-A589-B84544C10ACD', '1');
INSERT INTO `njx_fields` VALUES ('89DD8173-6703-F48A-2D47-BF5816B7D009', '5', '11', 'FFCFA34C-5DEC-E2F5-6E79-911D67C21491', '1');
INSERT INTO `njx_fields` VALUES ('8A9BEC7B-467F-B395-214A-9E2D4857FEA0', '1', 'å—æžç†Šç½‘ç«™å¼€å‘éœ€æ±‚8.11.pptx', '400AE8A3-62A5-14A2-2279-5834ECB645EF', '1');
INSERT INTO `njx_fields` VALUES ('8CDC6B4B-FC9E-DC62-416F-B9A28AB75983', '5', '11111111', 'F5C7F396-3C14-08E6-A589-B84544C10ACD', '1');
INSERT INTO `njx_fields` VALUES ('8D116F42-3EDF-3F53-43C5-EEA07764DDF2', '3', 'å€¼1', 'CE00DF83-ACCC-8317-653D-0A8B6A43367D', '1');
INSERT INTO `njx_fields` VALUES ('8D9082E6-D482-E173-26B3-E6F5B40365B2', '4', 'è›¤è›¤è›¤è›¤è›¤è›¤è›¤è›¤', 'A475BEBC-A587-DB9B-9855-2ED6031E5C44', '1');
INSERT INTO `njx_fields` VALUES ('8DDD2775-A23B-B3DD-48FB-17B95008B981', '6', '1', 'C19B2EF0-2899-C256-CAD9-114BBCBFAB09', '1');
INSERT INTO `njx_fields` VALUES ('8E98E8BC-05D9-5DA6-FCEF-03B1F85D0A3D', '6', '1', 'FB1920E3-6C77-1C3F-B949-009BEEA47820', '1');
INSERT INTO `njx_fields` VALUES ('97338A98-8782-98F4-7326-2AAD31AE7B50', '2', '11111111', '4010A5BF-B8B6-994C-F42E-0577180AE8FF', '1');
INSERT INTO `njx_fields` VALUES ('9860259D-C515-8EBB-B7F2-69275AE7220B', '2', '11111111', 'FB1920E3-6C77-1C3F-B949-009BEEA47820', '1');
INSERT INTO `njx_fields` VALUES ('98BBF641-929C-51C4-4721-28C5763110A6', '4', '111', 'DD6CA993-9176-C996-FDD0-635B4552556E', '1');
INSERT INTO `njx_fields` VALUES ('9C748605-7BEA-4F68-BD80-B22A01FAE0F3', '5', '11111111', '978CD3AA-C72C-D78F-AE4F-391D6E861BBF', '1');
INSERT INTO `njx_fields` VALUES ('9C8D2E6D-0CFA-493D-3CBD-9FCEFADD9906', '5', '11111111', '4010A5BF-B8B6-994C-F42E-0577180AE8FF', '1');
INSERT INTO `njx_fields` VALUES ('9CDF40A8-2AFC-F883-3C87-BE1C22AF56DF', '4', '111111', 'FB1920E3-6C77-1C3F-B949-009BEEA47820', '1');
INSERT INTO `njx_fields` VALUES ('9D5D83D4-6D72-CC23-530D-070E41C1979C', '4', '22222222', '0964C20D-21C2-BCCA-BAAB-1E2DF61BC74A', '1');
INSERT INTO `njx_fields` VALUES ('9E00C906-99D1-F747-473F-90F5CABBE404', '6', '1', '9FE70C33-8736-21A3-E836-B2199C40292E', '1');
INSERT INTO `njx_fields` VALUES ('9E2B9895-8841-4581-8259-48B645BB358D', '4', '55', '10433854-0ACA-ACCC-F3BC-6A7820377D18', '1');
INSERT INTO `njx_fields` VALUES ('A073FFF0-8551-2A1A-7FA5-DDCEDB689DE9', '5', '11', '7E3E569F-D74C-5B75-A559-4AF2800C988D', '1');
INSERT INTO `njx_fields` VALUES ('A0E18CAC-6075-F333-0797-0F06BB3BE57D', '5', '11', 'DBE17409-7644-5A5C-53AC-B0F734FC16B5', '1');
INSERT INTO `njx_fields` VALUES ('A498C203-9B19-BD2E-3536-A4DBD45215FE', '5', '<p>				&nbsp; &nbsp;</p><p></p><p>\r\n				<sup>1111111111111</sup></p>', '900D68A3-76E5-5A84-F3FD-B82A24464DD7', '1');
INSERT INTO `njx_fields` VALUES ('A5549B6F-D36B-471E-3FD3-4467923EF9F0', '6', '111', '900D68A3-76E5-5A84-F3FD-B82A24464DD7', '1');
INSERT INTO `njx_fields` VALUES ('A5790CE6-1B22-7EA6-FEC9-334F04A0077B', '5', '11111111', 'FB1920E3-6C77-1C3F-B949-009BEEA47820', '1');
INSERT INTO `njx_fields` VALUES ('A62DD95A-6849-ADAE-F286-DAF414B52073', '1', '../Commons/uploads/1439722831_162.jpg', '7CB81265-8E5D-2B91-F177-C21A1A04F208', '1');
INSERT INTO `njx_fields` VALUES ('A7278B14-6F80-5C6F-858B-7594F72CB45B', '6', 'è›¤è›¤è›¤è›¤', '400AE8A3-62A5-14A2-2279-5834ECB645EF', '1');
INSERT INTO `njx_fields` VALUES ('A79A2A35-7704-A346-34DF-BEC5F246EF32', '3', 'å€¼1', '0AF88B64-F5BA-D3A6-066C-7FE74FB49DF0', '1');
INSERT INTO `njx_fields` VALUES ('A8EC999E-D300-9C5D-F217-5C2F19FCC77E', '4', '11', '54ED4075-1600-B079-7D1B-73FB4257FDAE', '1');
INSERT INTO `njx_fields` VALUES ('AA14CE97-BF08-69DA-1AC5-1F5912CA444C', '2', 'é©¬å…‹', '731FA7F1-5710-2322-31BA-39F63E82C8DB', '1');
INSERT INTO `njx_fields` VALUES ('AE7095A2-325C-93D0-9BE9-28C28D49768E', '3', 'å€¼1', 'DBE17409-7644-5A5C-53AC-B0F734FC16B5', '1');
INSERT INTO `njx_fields` VALUES ('AF8F94B4-399B-501E-7CCE-8CE309913F6D', '3', 'å€¼1', 'A475BEBC-A587-DB9B-9855-2ED6031E5C44', '1');
INSERT INTO `njx_fields` VALUES ('B041A0F7-B6CF-55DC-08A1-EBB66A854574', '4', '<p>				&nbsp; &nbsp;è›¤è›¤è›¤è›¤è›¤è›¤è›¤è›¤è›¤è›¤è›¤è›¤è›¤è›¤è›¤è›¤è›¤è›¤è›¤è›¤è›¤è›¤è›¤è›¤è›¤è›¤è›¤è›¤è›¤è›¤</p><p></p><p>\r\n				</p>', 'CE00DF83-ACCC-8317-653D-0A8B6A43367D', '1');
INSERT INTO `njx_fields` VALUES ('B2123D98-1E40-E26C-FC1B-F8E084F55CE6', '3', 'å€¼1', '1FD65B45-36BD-AD50-AD86-681383814A76', '1');
INSERT INTO `njx_fields` VALUES ('B2E01DE3-F3C5-E670-C0DA-5960ECEFBCB2', '5', '3333', 'C280A595-6AFA-830F-7A66-0B33729ABFA3', '1');
INSERT INTO `njx_fields` VALUES ('B3468C4F-9DD1-03F3-466A-B2AD212809C1', '2', '1111', 'F1BBD660-E4A1-DB45-D805-319B1E0CAE25', '1');
INSERT INTO `njx_fields` VALUES ('B740AA97-4B14-15B2-5E6C-9644B2097815', '2', '11111', 'CD8CC634-5230-8359-0F5B-5D074A89EC52', '1');
INSERT INTO `njx_fields` VALUES ('B8686D0D-8BB2-CF85-049F-26A64DEFB73C', '4', '111', '6871E4B1-7AA1-BA9F-E6B4-DEC1D1917918', '1');
INSERT INTO `njx_fields` VALUES ('B8968D36-F01E-BD6B-0498-DD89503CE84F', '6', '1', '7AA1CB9A-62EE-037F-61A4-4252CDECF6AD', '1');
INSERT INTO `njx_fields` VALUES ('B90FA8D4-5920-7E93-B485-1333418F8BC9', '1', '1.4 - VIMé”®ä½æŒ‡ä»¤å›¾.jpg', '0964C20D-21C2-BCCA-BAAB-1E2DF61BC74A', '1');
INSERT INTO `njx_fields` VALUES ('B9E52B47-87DA-64E1-3675-21B27F726B08', '3', 'å€¼1', 'C280A595-6AFA-830F-7A66-0B33729ABFA3', '1');
INSERT INTO `njx_fields` VALUES ('BAC5E7FA-49C9-AFCA-3579-CB00538798A8', '1', '1.4 - VIMé”®ä½æŒ‡ä»¤å›¾.jpg', '54ED4075-1600-B079-7D1B-73FB4257FDAE', '1');
INSERT INTO `njx_fields` VALUES ('BB405EE5-B2D4-32C7-7FA2-B4816825DCE3', '2', '1111', 'A3147388-D663-29F6-D47F-619A64852E94', '1');
INSERT INTO `njx_fields` VALUES ('BD5DF393-3E47-EDF8-ECD6-D12C6BBA4EA2', '4', '111', '1FD65B45-36BD-AD50-AD86-681383814A76', '1');
INSERT INTO `njx_fields` VALUES ('BE5C5AFB-0ED8-7C28-27C8-1C3C79EC3EDF', '2', '555', '10433854-0ACA-ACCC-F3BC-6A7820377D18', '1');
INSERT INTO `njx_fields` VALUES ('C06F9A99-A133-53D2-CB0B-9F9FC27E4805', '5', '11', '6563FFFD-8EE9-278B-70F6-AEE5BEA4B2E4', '1');
INSERT INTO `njx_fields` VALUES ('C28551F9-5E28-ACC8-D0F2-024C02C53519', '6', 'http://ivydom.com', '7CB81265-8E5D-2B91-F177-C21A1A04F208', '1');
INSERT INTO `njx_fields` VALUES ('C38B0A27-10DE-BE23-1794-7E115EE0EDAD', '2', '1111', '7D278F2D-EDDF-EADF-D932-E30721A9C442', '1');
INSERT INTO `njx_fields` VALUES ('C51DECBB-FC8C-CDA8-8F29-7B41C926C184', '2E5985D3-E6BA-6539-BF1B-EE2D7FAD9BB5', '<p>				&nbsp;&nbsp; 11111111111</p><p></p><p>\r\n				</p>', '900D68A3-76E5-5A84-F3FD-B82A24464DD7', '1');
INSERT INTO `njx_fields` VALUES ('C6E02332-6D1C-EBF9-1A83-06ECEECED228', '5', 'é©¬å…‹', '731FA7F1-5710-2322-31BA-39F63E82C8DB', '1');
INSERT INTO `njx_fields` VALUES ('C71F3872-EE30-C3F0-3AD2-3BD7B8276ABC', '5', '111', 'CD8CC634-5230-8359-0F5B-5D074A89EC52', '1');
INSERT INTO `njx_fields` VALUES ('C7D6FFC2-CEBF-2186-1DA5-4299C9686F17', '2E5985D3-E6BA-6539-BF1B-EE2D7FAD9BB5', '<p>				&nbsp; &nbsp;è›¤è›¤è›¤è›¤è›¤è›¤è›¤è›¤è›¤è›¤è›¤è›¤è›¤è›¤è›¤è›¤è›¤è›¤</p><p></p><p>\r\n				</p>', 'CE00DF83-ACCC-8317-653D-0A8B6A43367D', '1');
INSERT INTO `njx_fields` VALUES ('CCB85B44-F077-ED93-014C-944833E65118', '5', '2222222', '0964C20D-21C2-BCCA-BAAB-1E2DF61BC74A', '1');
INSERT INTO `njx_fields` VALUES ('CDF2A14D-BEAA-CB88-F6A6-6104D22F3C8D', '2', '1111', 'DD6CA993-9176-C996-FDD0-635B4552556E', '1');
INSERT INTO `njx_fields` VALUES ('D1187C53-AF71-1ED5-4265-479588156F08', '4', '111', '7D278F2D-EDDF-EADF-D932-E30721A9C442', '1');
INSERT INTO `njx_fields` VALUES ('D14582E1-AD0E-1AB8-AD28-96BDD1852801', '3', 'å€¼1', '520788DB-C2D0-11D9-A4A3-4C2688F4C9AC', '1');
INSERT INTO `njx_fields` VALUES ('D249D85A-19A2-8171-A46B-1BBB97A2A172', '2', '1111', '6871E4B1-7AA1-BA9F-E6B4-DEC1D1917918', '1');
INSERT INTO `njx_fields` VALUES ('D3355B77-373F-123F-B0D7-A99D8772E0EF', '3', 'å€¼1', '978CD3AA-C72C-D78F-AE4F-391D6E861BBF', '1');
INSERT INTO `njx_fields` VALUES ('D3AB5794-6FC8-1423-FC42-49DBAEB28F23', '6', '1', '4010A5BF-B8B6-994C-F42E-0577180AE8FF', '1');
INSERT INTO `njx_fields` VALUES ('D71AA6F9-7DE8-B850-22DF-BBAAE4B9B191', '4', '111', 'DBE17409-7644-5A5C-53AC-B0F734FC16B5', '1');
INSERT INTO `njx_fields` VALUES ('DCCE7154-B1CC-6A1D-46A2-1BD4F649F681', '4', '11111', '978CD3AA-C72C-D78F-AE4F-391D6E861BBF', '1');
INSERT INTO `njx_fields` VALUES ('DE66951F-57FB-3722-2021-47B1537217B6', '5', '11', '54ED4075-1600-B079-7D1B-73FB4257FDAE', '1');
INSERT INTO `njx_fields` VALUES ('E024C230-CB7F-7474-CD1D-3F3C291063AF', '2', '2222222222', '0964C20D-21C2-BCCA-BAAB-1E2DF61BC74A', '1');
INSERT INTO `njx_fields` VALUES ('E1D61704-E43D-F379-2B53-C7A49E437A0F', '1', 'å—æžç†Šç½‘ç«™å¼€å‘éœ€æ±‚8.11.pptx', '978CD3AA-C72C-D78F-AE4F-391D6E861BBF', '1');
INSERT INTO `njx_fields` VALUES ('E1D79F6C-A5C2-1326-F393-40263D4F73A3', '5', '11', '6871E4B1-7AA1-BA9F-E6B4-DEC1D1917918', '1');
INSERT INTO `njx_fields` VALUES ('E3A22F43-E323-F8CA-48B1-3BF84DA63C13', '3', 'å€¼1', 'A3147388-D663-29F6-D47F-619A64852E94', '1');
INSERT INTO `njx_fields` VALUES ('E3E9CC8B-7FE1-C122-8532-D8C488F196B8', '6', '1', '7D278F2D-EDDF-EADF-D932-E30721A9C442', '1');
INSERT INTO `njx_fields` VALUES ('E518C32F-8F80-92FE-D972-98F54A8DCCC8', '5', '11', '7AA1CB9A-62EE-037F-61A4-4252CDECF6AD', '1');
INSERT INTO `njx_fields` VALUES ('E55A4666-09E7-A859-81E7-7D0A04F0C3E9', '4', '111', 'F1BBD660-E4A1-DB45-D805-319B1E0CAE25', '1');
INSERT INTO `njx_fields` VALUES ('E5762791-64AD-5250-4D02-B2A377119EAE', '3', 'å€¼1', '6563FFFD-8EE9-278B-70F6-AEE5BEA4B2E4', '1');
INSERT INTO `njx_fields` VALUES ('ED29F72C-162E-FBE1-FA04-89EF62A54E1F', '6', '1', '6871E4B1-7AA1-BA9F-E6B4-DEC1D1917918', '1');
INSERT INTO `njx_fields` VALUES ('EE82AFA6-630C-717D-1E64-6162A237C071', '5', '11', '9FE70C33-8736-21A3-E836-B2199C40292E', '1');
INSERT INTO `njx_fields` VALUES ('F018CE14-666A-926E-32C8-EC2E8829251E', '2', 'è›¤è›¤', 'CE00DF83-ACCC-8317-653D-0A8B6A43367D', '1');
INSERT INTO `njx_fields` VALUES ('F0247F0A-B851-5711-B001-D323AE25746E', '6', '1', '1FD65B45-36BD-AD50-AD86-681383814A76', '1');
INSERT INTO `njx_fields` VALUES ('F091D96C-6ABA-11C5-D2CD-E46B608BEB88', '3', 'å€¼1', 'DD6CA993-9176-C996-FDD0-635B4552556E', '1');
INSERT INTO `njx_fields` VALUES ('F199F72D-22CC-36B9-DD04-AD89E7C0024D', '1', '../Commons/uploads/1439705865_162.jpg', 'A475BEBC-A587-DB9B-9855-2ED6031E5C44', '1');
INSERT INTO `njx_fields` VALUES ('F5EC21F4-7A0B-67D1-5914-6AABAE157AF6', '5', '11', 'C19B2EF0-2899-C256-CAD9-114BBCBFAB09', '1');
INSERT INTO `njx_fields` VALUES ('F6638E4A-6701-01B1-8ADA-90BB09F8425B', '6', '1', '520788DB-C2D0-11D9-A4A3-4C2688F4C9AC', '1');
INSERT INTO `njx_fields` VALUES ('F66A3777-F632-895C-F3C2-1B207EDEAF0B', '4', '111', 'A3147388-D663-29F6-D47F-619A64852E94', '1');
INSERT INTO `njx_fields` VALUES ('F7775DCE-E659-AFD8-1886-F51560F45E2F', '6', '1', '6563FFFD-8EE9-278B-70F6-AEE5BEA4B2E4', '1');
INSERT INTO `njx_fields` VALUES ('F7D0A2A5-13E0-8FFC-BAE7-624A965566A2', '3', 'å€¼1', '9FE70C33-8736-21A3-E836-B2199C40292E', '1');
INSERT INTO `njx_fields` VALUES ('FA929C40-6E81-93C1-FB06-69D3B0385856', '7', '1', 'CD8CC634-5230-8359-0F5B-5D074A89EC52', '1');
INSERT INTO `njx_fields` VALUES ('FD24E400-7DED-09EF-8237-B5D75587BD0C', '4', '<p>				&nbsp;&nbsp; 111111111</p><p></p><p>\r\n				</p>', '900D68A3-76E5-5A84-F3FD-B82A24464DD7', '1');
INSERT INTO `njx_fields` VALUES ('FDA1859F-4AD3-AC7D-493B-51095E64F7E7', '3', 'å€¼1', '7AA1CB9A-62EE-037F-61A4-4252CDECF6AD', '1');
INSERT INTO `njx_fields` VALUES ('FDE31D7D-1A4E-35DA-43B7-03854BBBF248', '4', '111', '7E3E569F-D74C-5B75-A559-4AF2800C988D', '1');
INSERT INTO `njx_fields` VALUES ('FE9D9F54-38CD-32E5-B689-D3D0688F2DEB', '6', '33', 'C280A595-6AFA-830F-7A66-0B33729ABFA3', '1');

-- ----------------------------
-- Table structure for njx_fields_options
-- ----------------------------
DROP TABLE IF EXISTS `njx_fields_options`;
CREATE TABLE `njx_fields_options` (
  `foid` varchar(255) NOT NULL,
  `name` varchar(255) NOT NULL,
  `tips` varchar(255) DEFAULT NULL,
  `type` varchar(255) CHARACTER SET utf8 NOT NULL COMMENT 'img/selector/mime_input/input/range',
  `selectorCount` varchar(255) DEFAULT NULL COMMENT '如果type为selector此项不能为空,默认为0',
  `rangeFrom` int(255) DEFAULT NULL COMMENT '如果type为range此项不能为空',
  `rangeTo` int(255) DEFAULT NULL COMMENT '如果type为range此项不能为空',
  `rangeUnit` varchar(255) DEFAULT NULL COMMENT '如果type为range此项不能为空',
  `visible` tinyint(1) DEFAULT '1',
  `isPhoto` tinyint(1) DEFAULT '1',
  `isDesc` tinyint(1) DEFAULT '1',
  PRIMARY KEY (`foid`)
) ENGINE=InnoDB DEFAULT CHARSET=latin1;

-- ----------------------------
-- Records of njx_fields_options
-- ----------------------------
INSERT INTO `njx_fields_options` VALUES ('1', 'é¡¹ç›®logo', '', 'img', '', '0', '0', '0', '1', '1', null);
INSERT INTO `njx_fields_options` VALUES ('2', 'åˆ›å§‹äºº', '', 'input', '', '0', '0', '0', '1', '0', null);
INSERT INTO `njx_fields_options` VALUES ('2E5985D3-E6BA-6539-BF1B-EE2D7FAD9BB5', 'èžèµ„ç»åŽ†', '', 'textarea', '', '0', '0', '', '1', '1', '1');
INSERT INTO `njx_fields_options` VALUES ('3', 'å¹´ä»½', '', 'selector', '<option value=\"å€¼1\">å€¼1</option>\r\n<option value=\"å€¼2\">å€¼2</option>\r\n<option value=\"å€¼3\">å€¼3</option>', '0', '0', '0', '0', null, null);
INSERT INTO `njx_fields_options` VALUES ('4', 'å…¬å¸ä»‹ç»', '', 'textarea', '', '0', '0', '0', '1', null, '1');
INSERT INTO `njx_fields_options` VALUES ('5', 'åˆ›å§‹å›¢é˜Ÿ', '', 'textarea', '', '0', '0', '0', '1', null, null);
INSERT INTO `njx_fields_options` VALUES ('6', 'ç½‘å€', '', 'input', '', '0', '0', '0', '0', null, null);
INSERT INTO `njx_fields_options` VALUES ('7', 'range', '', 'range_', '0', '1', '10', '$', '0', null, null);

-- ----------------------------
-- Table structure for njx_items
-- ----------------------------
DROP TABLE IF EXISTS `njx_items`;
CREATE TABLE `njx_items` (
  `iid` varchar(255) NOT NULL,
  `uid` varchar(255) NOT NULL,
  `caid` text NOT NULL,
  `order` int(255) NOT NULL,
  `createTime` timestamp NOT NULL,
  `modifyTime` timestamp NOT NULL,
  `isDeleted` tinyint(1) NOT NULL DEFAULT '0',
  `commentsCount` int(255) NOT NULL DEFAULT '0',
  `status` tinyint(1) NOT NULL DEFAULT '0' COMMENT '是否通过审核,默认未通过审核',
  `openComments` tinyint(1) NOT NULL DEFAULT '1',
  `title` varchar(255) NOT NULL,
  PRIMARY KEY (`iid`)
) ENGINE=InnoDB DEFAULT CHARSET=latin1;

-- ----------------------------
-- Records of njx_items
-- ----------------------------
INSERT INTO `njx_items` VALUES ('0964C20D-21C2-BCCA-BAAB-1E2DF61BC74A', '3CEC7A3B-58BD-82B7-E4BA-8849286079BE', '[\"6137F30F-D096-D0FE-36D2-2B722B3D60A6\",[\"1390AA6B-8156-37E1-165A-EE7E2AB6D910\",\"A081186E-6CF1-20B4-4EE1-C6897913201C\",\"\\u5929\\u4f7fA\\u8f6e\"],[\"ABA34C47-4056-E67A-2E32-BEC9A6280E40\",\"0352BF39-A87D-D1E9-FA96-A6BF12E41860\",\"\\u6c5f\\u82cf\"],[\"FD681F88-39CB-A1F4-3D35-3D8773A90DA9\",\"338BB75F-B8E8-C8E0-6865-47A5A7960A19\",\"\\u4e92\\u8054\\u7f51\"]]', '2', '2015-08-15 14:50:05', '2015-08-15 14:50:05', '0', '0', '1', '1', '222222');
INSERT INTO `njx_items` VALUES ('0AF88B64-F5BA-D3A6-066C-7FE74FB49DF0', '3CEC7A3B-58BD-82B7-E4BA-8849286079BE', '[\"0482140E-1CBF-D04C-F009-A19DD5C1D1F1\",[\"1390AA6B-8156-37E1-165A-EE7E2AB6D910\",\"A081186E-6CF1-20B4-4EE1-C6897913201C\",\"\\u5929\\u4f7fA\\u8f6e\"],[\"ABA34C47-4056-E67A-2E32-BEC9A6280E40\",\"0352BF39-A87D-D1E9-FA96-A6BF12E41860\",\"\\u6c5f\\u82cf\"],[\"FD681F88-39CB-A1F4-3D35-3D8773A90DA9\",\"338BB75F-B8E8-C8E0-6865-47A5A7960A19\",\"\\u4e92\\u8054\\u7f51\"]]', '6', '2015-08-16 18:55:30', '2015-08-16 18:55:30', '0', '0', '1', '1', 'è›¤ä¸æµ‹è¯•');
INSERT INTO `njx_items` VALUES ('731FA7F1-5710-2322-31BA-39F63E82C8DB', '3CEC7A3B-58BD-82B7-E4BA-8849286079BE', '[\"0482140E-1CBF-D04C-F009-A19DD5C1D1F1\",[\"1390AA6B-8156-37E1-165A-EE7E2AB6D910\",\"A081186E-6CF1-20B4-4EE1-C6897913201C\",\"\\u5929\\u4f7fA\\u8f6e\"],[\"ABA34C47-4056-E67A-2E32-BEC9A6280E40\",\"CF34BD22-5300-8A7B-0C1A-50D3085086B7\",\"\\u6d59\\u6c5f\"],[\"FD681F88-39CB-A1F4-3D35-3D8773A90DA9\",\"B4B1D71F-4752-2D45-AD3D-69CB9680DB16\",\"\\u793e\\u4ea4\\u7f51\\u7edc\"]]', '8', '2015-08-16 14:23:36', '2015-08-16 14:23:36', '0', '0', '1', '1', 'facebook');
INSERT INTO `njx_items` VALUES ('7CB81265-8E5D-2B91-F177-C21A1A04F208', '3CEC7A3B-58BD-82B7-E4BA-8849286079BE', '[\"0482140E-1CBF-D04C-F009-A19DD5C1D1F1\",[\"1390AA6B-8156-37E1-165A-EE7E2AB6D910\",\"A081186E-6CF1-20B4-4EE1-C6897913201C\",\"\\u5929\\u4f7fA\\u8f6e\"],[\"ABA34C47-4056-E67A-2E32-BEC9A6280E40\",\"0352BF39-A87D-D1E9-FA96-A6BF12E41860\",\"\\u6c5f\\u82cf\"],[\"FD681F88-39CB-A1F4-3D35-3D8773A90DA9\",\"338BB75F-B8E8-C8E0-6865-47A5A7960A19\",\"\\u4e92\\u8054\\u7f51\"]]', '7', '2015-08-16 19:01:02', '2015-08-16 19:01:02', '0', '0', '0', '1', '111111');
INSERT INTO `njx_items` VALUES ('900D68A3-76E5-5A84-F3FD-B82A24464DD7', '3CEC7A3B-58BD-82B7-E4BA-8849286079BE', '[\"0482140E-1CBF-D04C-F009-A19DD5C1D1F1\",[\"1390AA6B-8156-37E1-165A-EE7E2AB6D910\",\"A081186E-6CF1-20B4-4EE1-C6897913201C\",\"\\u5929\\u4f7fA\\u8f6e\"],[\"ABA34C47-4056-E67A-2E32-BEC9A6280E40\",\"0352BF39-A87D-D1E9-FA96-A6BF12E41860\",\"\\u6c5f\\u82cf\"],[\"FD681F88-39CB-A1F4-3D35-3D8773A90DA9\",\"338BB75F-B8E8-C8E0-6865-47A5A7960A19\",\"\\u4e92\\u8054\\u7f51\"]]', '8', '2015-08-16 19:08:37', '2015-08-16 19:08:37', '0', '0', '1', '1', '111111');
INSERT INTO `njx_items` VALUES ('A475BEBC-A587-DB9B-9855-2ED6031E5C44', '3CEC7A3B-58BD-82B7-E4BA-8849286079BE', '[\"0482140E-1CBF-D04C-F009-A19DD5C1D1F1\",[\"1390AA6B-8156-37E1-165A-EE7E2AB6D910\",\"A081186E-6CF1-20B4-4EE1-C6897913201C\",\"\\u5929\\u4f7fA\\u8f6e\"],[\"ABA34C47-4056-E67A-2E32-BEC9A6280E40\",\"0352BF39-A87D-D1E9-FA96-A6BF12E41860\",\"\\u6c5f\\u82cf\"],[\"FD681F88-39CB-A1F4-3D35-3D8773A90DA9\",\"338BB75F-B8E8-C8E0-6865-47A5A7960A19\",\"\\u4e92\\u8054\\u7f51\"]]', '9', '2015-08-16 14:23:38', '2015-08-16 14:23:38', '0', '0', '1', '1', 'æµ‹è¯•');
INSERT INTO `njx_items` VALUES ('C19B2EF0-2899-C256-CAD9-114BBCBFAB09', '3CEC7A3B-58BD-82B7-E4BA-8849286079BE', '[\"0482140E-1CBF-D04C-F009-A19DD5C1D1F1\",[\"1390AA6B-8156-37E1-165A-EE7E2AB6D910\",\"A081186E-6CF1-20B4-4EE1-C6897913201C\",\"\\u5929\\u4f7fA\\u8f6e\"],[\"ABA34C47-4056-E67A-2E32-BEC9A6280E40\",\"0352BF39-A87D-D1E9-FA96-A6BF12E41860\",\"\\u6c5f\\u82cf\"],[\"FD681F88-39CB-A1F4-3D35-3D8773A90DA9\",\"338BB75F-B8E8-C8E0-6865-47A5A7960A19\",\"\\u4e92\\u8054\\u7f51\"]]', '6', '2015-08-15 14:43:48', '2015-08-15 14:43:48', '0', '0', '1', '1', '1111');
INSERT INTO `njx_items` VALUES ('C280A595-6AFA-830F-7A66-0B33729ABFA3', '3CEC7A3B-58BD-82B7-E4BA-8849286079BE', '[\"F49426D2-3362-B3B4-5CF8-A41AF2ACA30A\",[\"1390AA6B-8156-37E1-165A-EE7E2AB6D910\",\"A081186E-6CF1-20B4-4EE1-C6897913201C\",\"\\u5929\\u4f7fA\\u8f6e\"],[\"ABA34C47-4056-E67A-2E32-BEC9A6280E40\",\"31E7C547-9E33-FA1F-0547-4EA22946405A\",\"\\u4e0a\\u6d77\"],[\"FD681F88-39CB-A1F4-3D35-3D8773A90DA9\",\"5E27BDFD-EA59-529E-B7C1-A53FC02C1BD1\",\"\\u7269\\u8054\\u7f51\"]]', '3', '2015-08-15 14:51:25', '2015-08-15 14:51:25', '0', '0', '1', '1', '333333');
INSERT INTO `njx_items` VALUES ('CE00DF83-ACCC-8317-653D-0A8B6A43367D', '37770FA8-0831-607B-8CE5-0D0609D8E6C5', '[\"0482140E-1CBF-D04C-F009-A19DD5C1D1F1\",[\"1390AA6B-8156-37E1-165A-EE7E2AB6D910\",\"A081186E-6CF1-20B4-4EE1-C6897913201C\",\"\\u5929\\u4f7fA\\u8f6e\"],[\"ABA34C47-4056-E67A-2E32-BEC9A6280E40\",\"0352BF39-A87D-D1E9-FA96-A6BF12E41860\",\"\\u6c5f\\u82cf\"],[\"FD681F88-39CB-A1F4-3D35-3D8773A90DA9\",\"338BB75F-B8E8-C8E0-6865-47A5A7960A19\",\"\\u4e92\\u8054\\u7f51\"]]', '9', '2015-08-17 10:31:20', '2015-08-17 10:31:20', '0', '0', '1', '1', 'é¹³ç‹¸çŒ¿æµ‹è¯•');

-- ----------------------------
-- Table structure for njx_remarks
-- ----------------------------
DROP TABLE IF EXISTS `njx_remarks`;
CREATE TABLE `njx_remarks` (
  `remarkId` varchar(255) NOT NULL,
  `points` tinyint(1) NOT NULL,
  `itemId` varchar(255) NOT NULL,
  PRIMARY KEY (`remarkId`)
) ENGINE=InnoDB DEFAULT CHARSET=latin1;

-- ----------------------------
-- Records of njx_remarks
-- ----------------------------
INSERT INTO `njx_remarks` VALUES ('0ED02D99-3752-60E2-4352-2D7811E827CA', '4', '2');
INSERT INTO `njx_remarks` VALUES ('0F353B7F-3E92-B7DF-9F1A-ABCC57D19822', '0', '2');
INSERT INTO `njx_remarks` VALUES ('205A675D-B533-2875-2E7C-722CAAE193F2', '5', 'A475BEBC-A587-DB9B-9855-2ED6031E5C44');
INSERT INTO `njx_remarks` VALUES ('2B8E9438-26E8-0F24-24AC-BFBCC56CF5CE', '0', '2');
INSERT INTO `njx_remarks` VALUES ('2CFA7A04-F48A-6252-A0FF-7309F3D052C7', '5', 'A475BEBC-A587-DB9B-9855-2ED6031E5C44');
INSERT INTO `njx_remarks` VALUES ('35451F6E-62BA-8753-FFB0-B08C40387A13', '5', '0964C20D-21C2-BCCA-BAAB-1E2DF61BC74A');
INSERT INTO `njx_remarks` VALUES ('369932', '0', '2');
INSERT INTO `njx_remarks` VALUES ('4DE837D0-6C73-F593-1F2D-82FFF579EAB1', '0', '2');
INSERT INTO `njx_remarks` VALUES ('595AA3FF-B621-6728-FCC7-3F2F1D269304', '5', 'A475BEBC-A587-DB9B-9855-2ED6031E5C44');
INSERT INTO `njx_remarks` VALUES ('5D376CA5-2940-81BF-1A4C-24BA8653A2B2', '0', '2');
INSERT INTO `njx_remarks` VALUES ('5D48677D-0AEA-474B-E7E1-54799FBD1809', '0', '2');
INSERT INTO `njx_remarks` VALUES ('5DD02664-B28F-A115-1139-C7492DD1E2A3', '0', '2');
INSERT INTO `njx_remarks` VALUES ('6', '0', '2');
INSERT INTO `njx_remarks` VALUES ('60468', '0', '2');
INSERT INTO `njx_remarks` VALUES ('62A92D40-0E1A-76EF-09B9-EFD3A666C09B', '0', '2');
INSERT INTO `njx_remarks` VALUES ('6E67809D-0B89-BA6C-75F3-A4ACE6CD153A', '0', '2');
INSERT INTO `njx_remarks` VALUES ('6EAF0A82-7E80-3747-3DB9-FE1ADAB4E51D', '0', '2');
INSERT INTO `njx_remarks` VALUES ('6FC3FFEE-FC34-3D97-BC17-EDBE203BB7CA', '5', 'A475BEBC-A587-DB9B-9855-2ED6031E5C44');
INSERT INTO `njx_remarks` VALUES ('79E9F4FC-D880-5804-79AC-942081AF494F', '0', '2');
INSERT INTO `njx_remarks` VALUES ('7E6C14C2-0DAB-3A9C-94BF-B49E97BF6150', '0', '2');
INSERT INTO `njx_remarks` VALUES ('7F4F00CE-74DD-3217-9301-387A042B5A05', '5', 'A475BEBC-A587-DB9B-9855-2ED6031E5C44');
INSERT INTO `njx_remarks` VALUES ('8093210A-EBDE-90C8-E717-B9CF63AE62F3', '0', '2');
INSERT INTO `njx_remarks` VALUES ('81F6343E-7B31-EF5D-41D3-7C45EBE6F2C9', '0', '2');
INSERT INTO `njx_remarks` VALUES ('900F4239-1291-A066-0640-D6022DBF277B', '0', '2');
INSERT INTO `njx_remarks` VALUES ('9041054B-B4FB-00F7-7E15-BACE249E5293', '0', '2');
INSERT INTO `njx_remarks` VALUES ('92', '0', '2');
INSERT INTO `njx_remarks` VALUES ('99EB1D6C-1B9C-5984-36BF-F9B75CE38095', '0', '2');
INSERT INTO `njx_remarks` VALUES ('9B8BA1B4-C4CB-D6AE-BEC3-555161209E89', '0', '2');
INSERT INTO `njx_remarks` VALUES ('9DD74B33-0CAC-640B-FE9F-0269B68E87A5', '0', '2');
INSERT INTO `njx_remarks` VALUES ('9E32769C-0AEC-508F-BFB6-0297FFB43ABB', '0', '2');
INSERT INTO `njx_remarks` VALUES ('A15C039A-CCBA-C281-AC5E-17320208EA69', '0', '2');
INSERT INTO `njx_remarks` VALUES ('AF6C4AA8-B8CA-D5DD-1143-592E21EC0612', '0', '2');
INSERT INTO `njx_remarks` VALUES ('B392D6DA-2FCE-7716-1419-6CCCA8F884FC', '5', 'A475BEBC-A587-DB9B-9855-2ED6031E5C44');
INSERT INTO `njx_remarks` VALUES ('B90A99A2-0FC2-327F-776E-4017A301B2B3', '5', 'A475BEBC-A587-DB9B-9855-2ED6031E5C44');
INSERT INTO `njx_remarks` VALUES ('B9B185B2-F8B8-C6EE-9942-43A711C8EE98', '0', '2');
INSERT INTO `njx_remarks` VALUES ('B9B4B5B9-F72F-41E6-D156-0248973C3848', '0', '2');
INSERT INTO `njx_remarks` VALUES ('C33A7F6F-9FAF-85C4-B613-1992729EB31A', '0', '2');
INSERT INTO `njx_remarks` VALUES ('C4130762-B4AC-CD84-FB25-B4DF69190596', '0', '2');
INSERT INTO `njx_remarks` VALUES ('C44BD5D2-FF2B-2772-CD18-4D9C40D96182', '0', '2');
INSERT INTO `njx_remarks` VALUES ('C70CE6A4-5B0D-2B8A-94CD-5B5F3645B284', '0', '2');
INSERT INTO `njx_remarks` VALUES ('CBF42223-EDEA-79D3-8A81-C8D8D38FEE3B', '0', '2');
INSERT INTO `njx_remarks` VALUES ('CCC786C4-7205-4BF6-17AD-70B027099F64', '3', 'A475BEBC-A587-DB9B-9855-2ED6031E5C44');
INSERT INTO `njx_remarks` VALUES ('D2BD8E0D-BEDB-17B6-7EF6-82F353E38E82', '0', '2');
INSERT INTO `njx_remarks` VALUES ('D89BDC71-5C1F-011E-6B37-E83392C330E0', '0', '2');
INSERT INTO `njx_remarks` VALUES ('DBAC4A26-04BD-17CA-0537-DD57A0DDD71B', '1', '0964C20D-21C2-BCCA-BAAB-1E2DF61BC74A');
INSERT INTO `njx_remarks` VALUES ('DF1A3325-1ADE-F083-F225-D722E90BF011', '0', '2');
INSERT INTO `njx_remarks` VALUES ('E832B6DE-D399-C1AF-3066-6161D0F62CF8', '0', '2');
INSERT INTO `njx_remarks` VALUES ('FCF7E39B-08E7-99C1-1821-271A11C7A33A', '5', 'A475BEBC-A587-DB9B-9855-2ED6031E5C44');

-- ----------------------------
-- Table structure for njx_setting
-- ----------------------------
DROP TABLE IF EXISTS `njx_setting`;
CREATE TABLE `njx_setting` (
  `sid` varchar(255) NOT NULL,
  `name` varchar(255) NOT NULL,
  `value` varchar(255) NOT NULL,
  PRIMARY KEY (`sid`)
) ENGINE=InnoDB DEFAULT CHARSET=latin1;

-- ----------------------------
-- Records of njx_setting
-- ----------------------------
INSERT INTO `njx_setting` VALUES ('1', 'site_title', 'å—æžç†Š');
INSERT INTO `njx_setting` VALUES ('2', 'site_sub_title', 'å—æžç†Š');
INSERT INTO `njx_setting` VALUES ('3', 'site_admin_title', 'å—æžç†ŠåŽå°');
INSERT INTO `njx_setting` VALUES ('4', 'site_logo', 'http://localhost:9527/_mirror/Cores/default.png');
INSERT INTO `njx_setting` VALUES ('5', 'site_footer', '<p>å—æžç†Š3Dæ‰“å°ç½‘</p>\r\n						<p>Â© 2011-2015 3Dæ‰“å°ç¬¬ä¸€äº’åŠ¨å¹³å°</p>');
INSERT INTO `njx_setting` VALUES ('6', 'site_ana', '');

-- ----------------------------
-- Table structure for njx_users
-- ----------------------------
DROP TABLE IF EXISTS `njx_users`;
CREATE TABLE `njx_users` (
  `uid` varchar(255) NOT NULL,
  `discuzId` varchar(255) DEFAULT NULL,
  `createTime` timestamp NULL DEFAULT NULL ON UPDATE CURRENT_TIMESTAMP,
  `name` varchar(255) DEFAULT NULL,
  `privilege` tinyint(1) DEFAULT NULL,
  `region` varchar(255) DEFAULT '0',
  `url` varchar(255) DEFAULT '0',
  `description` varchar(255) DEFAULT '0',
  `photo` varchar(255) DEFAULT '0',
  PRIMARY KEY (`uid`)
) ENGINE=InnoDB DEFAULT CHARSET=latin1;

-- ----------------------------
-- Records of njx_users
-- ----------------------------
INSERT INTO `njx_users` VALUES ('02BF6DAB-3DC5-56AC-331A-7E2717E8D2A5', '11111', '2015-08-17 10:56:24', '1122222', '1', null, null, null, null);
INSERT INTO `njx_users` VALUES ('02DAF250-B9CF-6F76-DAB3-CDD9C67085E4', '11111', '2015-08-17 10:56:20', '1122222', '0', null, null, null, null);
INSERT INTO `njx_users` VALUES ('07F8A079-2791-CC7C-BECF-D3B88A76490C', '11111', '2011-08-12 11:49:25', '1122222', '127', null, null, null, null);
INSERT INTO `njx_users` VALUES ('116A52F7-239A-364B-817C-BBAC246AF483', '11111', '2011-08-13 11:00:32', '1122222', '127', null, null, null, null);
INSERT INTO `njx_users` VALUES ('15B86CB2-E8A6-AB88-FC63-2E295080EF3D', '11111', '2010-08-13 10:51:28', '1122222', '127', null, null, null, null);
INSERT INTO `njx_users` VALUES ('2024732C-8EC9-8675-7841-5212F682B094', '11111', '2010-08-13 10:49:52', '1122222', '127', null, null, null, null);
INSERT INTO `njx_users` VALUES ('2D3A6DB7-FEF9-3364-943B-FB7F3CBC8CEE', '11111', '2011-08-13 11:03:50', '1122222', '127', null, null, null, null);
INSERT INTO `njx_users` VALUES ('2EA3F4CB-EAA1-8E28-424A-A62C86BE40F5', '11111', '2011-08-13 11:00:24', '1122222', '127', null, null, null, null);
INSERT INTO `njx_users` VALUES ('37770FA8-0831-607B-8CE5-0D0609D8E6C5', 'admin', '2015-08-17 10:30:39', 'admin', '0', ' è›¤è›¤', 'http://ivydom.com', 'è›¤è›¤è›¤è›¤', 'http://localhost:9527/_mirror../Commons/uploads/1439778616_162.jpg');
INSERT INTO `njx_users` VALUES ('397B322C-CFE1-2035-28FB-E100B8A024C5', '11111', '2015-08-13 19:32:52', '1122222', '127', null, null, null, null);
INSERT INTO `njx_users` VALUES ('3CEC7A3B-58BD-82B7-E4BA-8849286079BE', '1', '2015-08-16 16:06:26', 'è›¤è›¤', '127', 'è›¤è›¤', 'http://ivydom.com', 'å¹´è½»äººä¸è¦ä¹ ä¹ è›¤è›¤èƒ¡æžæ¯›æž,è¿™æ ·æ˜¯æ²¡æœ‰æ±Ÿæ¥çš„', 'http://localhost:9527/_mirror../Commons/uploads/1439712382_162.jpg');
INSERT INTO `njx_users` VALUES ('3CEC7A3B-58BD-82B7-E4BA-8849286079BE1', 'test', '2015-08-14 14:04:11', '1122222', '127', null, null, null, null);
